"module name","license","repository"
"@babel/runtime@7.28.6","MIT","https://github.com/babel/babel"
"@img/sharp-libvips-linux-x64@1.0.4","LGPL-3.0-or-later","https://github.com/lovell/sharp-libvips"
"@img/sharp-libvips-linuxmusl-x64@1.0.4","LGPL-3.0-or-later","https://github.com/lovell/sharp-libvips"
"@img/sharp-linux-x64@0.33.5","Apache-2.0","https://github.com/lovell/sharp"
"@img/sharp-linuxmusl-x64@0.33.5","Apache-2.0","https://github.com/lovell/sharp"
"@ioredis/commands@1.5.1","MIT","https://github.com/ioredis/commands"
"@isaacs/fs-minipass@4.0.1","ISC","https://github.com/npm/fs-minipass"
"@lukeed/csprng@1.1.0","MIT","https://github.com/lukeed/csprng"
"@lukeed/uuid@2.0.1","MIT","https://github.com/lukeed/uuid"
"@types/bcrypt@6.0.0","MIT","https://github.com/DefinitelyTyped/DefinitelyTyped"
"@types/debug@4.1.12","MIT","https://github.com/DefinitelyTyped/DefinitelyTyped"
"@types/events@3.0.3","MIT","https://github.com/DefinitelyTyped/DefinitelyTyped"
"@types/ini@4.1.1","MIT","https://github.com/DefinitelyTyped/DefinitelyTyped"
"@types/ms@2.1.0","MIT","https://github.com/DefinitelyTyped/DefinitelyTyped"
"@types/node@25.4.0","MIT","https://github.com/DefinitelyTyped/DefinitelyTyped"
"accepts@2.0.0","MIT","https://github.com/jshttp/accepts"
"awaitqueue@3.3.0","ISC","https://github.com/versatica/awaitqueue"
"bcrypt@6.0.0","MIT","https://github.com/kelektiv/node.bcrypt.js"
"body-parser@2.2.2","MIT","https://github.com/expressjs/body-parser"
"bytes@3.1.2","MIT","https://github.com/visionmedia/bytes.js"
"call-bind-apply-helpers@1.0.2","MIT","https://github.com/ljharb/call-bind-apply-helpers"
"call-bound@1.0.4","MIT","https://github.com/ljharb/call-bound"
"chownr@3.0.0","BlueOak-1.0.0","https://github.com/isaacs/chownr"
"cluster-key-slot@1.1.2","Apache-2.0","https://github.com/Salakar/cluster-key-slot"
"color-convert@2.0.1","MIT","https://github.com/Qix-/color-convert"
"color-name@1.1.4","MIT","https://github.com/colorjs/color-name"
"color-string@1.9.1","MIT","https://github.com/Qix-/color-string"
"color@4.2.3","MIT","https://github.com/Qix-/color"
"content-disposition@1.0.1","MIT","https://github.com/jshttp/content-disposition"
"content-type@1.0.5","MIT","https://github.com/jshttp/content-type"
"cookie-signature@1.2.2","MIT","https://github.com/visionmedia/node-cookie-signature"
"cookie@0.7.2","MIT","https://github.com/jshttp/cookie"
"core-js@3.48.0","MIT","https://github.com/zloirock/core-js"
"data-uri-to-buffer@4.0.1","MIT","https://github.com/TooTallNate/node-data-uri-to-buffer"
"debug@4.4.3","MIT","https://github.com/debug-js/debug"
"denque@2.1.0","Apache-2.0","https://github.com/invertase/denque"
"depd@2.0.0","MIT","https://github.com/dougwilson/nodejs-depd"
"detect-libc@2.1.2","Apache-2.0","https://github.com/lovell/detect-libc"
"dunder-proto@1.0.1","MIT","https://github.com/es-shims/dunder-proto"
"ee-first@1.1.1","MIT","https://github.com/jonathanong/ee-first"
"encodeurl@2.0.0","MIT","https://github.com/pillarjs/encodeurl"
"es-define-property@1.0.1","MIT","https://github.com/ljharb/es-define-property"
"es-errors@1.3.0","MIT","https://github.com/ljharb/es-errors"
"es-object-atoms@1.1.1","MIT","https://github.com/ljharb/es-object-atoms"
"escape-html@1.0.3","MIT","https://github.com/component/escape-html"
"etag@1.8.1","MIT","https://github.com/jshttp/etag"
"events@3.3.0","MIT","https://github.com/Gozala/events"
"express@5.2.1","MIT","https://github.com/expressjs/express"
"fake-mediastreamtrack@2.2.1","ISC","https://github.com/ibc/fake-mediastreamtrack"
"fetch-blob@3.2.0","MIT","https://github.com/node-fetch/fetch-blob"
"finalhandler@2.1.1","MIT","https://github.com/pillarjs/finalhandler"
"flatbuffers@25.9.23","Apache-2.0","https://github.com/google/flatbuffers"
"formdata-polyfill@4.0.10","MIT","git+https://jimmywarting@github.com/jimmywarting/FormData"
"forwarded@0.2.0","MIT","https://github.com/jshttp/forwarded"
"fresh@2.0.0","MIT","https://github.com/jshttp/fresh"
"function-bind@1.1.2","MIT","https://github.com/Raynos/function-bind"
"get-intrinsic@1.3.0","MIT","https://github.com/ljharb/get-intrinsic"
"get-proto@1.0.1","MIT","https://github.com/ljharb/get-proto"
"gopd@1.2.0","MIT","https://github.com/ljharb/gopd"
"h264-profile-level-id@2.3.2","ISC","https://github.com/versatica/h264-profile-level-id"
"has-symbols@1.1.0","MIT","https://github.com/inspect-js/has-symbols"
"hasown@2.0.2","MIT","https://github.com/inspect-js/hasOwn"
"http-errors@2.0.1","MIT","https://github.com/jshttp/http-errors"
"i18next@26.2.0","MIT","https://github.com/i18next/i18next"
"iconv-lite@0.7.2","MIT","https://github.com/pillarjs/iconv-lite"
"inherits@2.0.4","ISC","https://github.com/isaacs/inherits"
"ini@5.0.0","ISC","https://github.com/npm/ini"
"ioredis@5.10.0","MIT","https://github.com/luin/ioredis"
"ipaddr.js@1.9.1","MIT","https://github.com/whitequark/ipaddr.js"
"is-arrayish@0.3.4","MIT","https://github.com/qix-/node-is-arrayish"
"is-promise@4.0.0","MIT","https://github.com/then/is-promise"
"lodash.defaults@4.2.0","MIT","https://github.com/lodash/lodash"
"lodash.isarguments@3.1.0","MIT","https://github.com/lodash/lodash"
"math-intrinsics@1.1.0","MIT","https://github.com/es-shims/math-intrinsics"
"media-typer@1.1.0","MIT","https://github.com/jshttp/media-typer"
"mediasoup-client@3.18.7","ISC","https://github.com/versatica/mediasoup-client"
"mediasoup@3.19.3","ISC","https://github.com/versatica/mediasoup"
"merge-descriptors@2.0.0","MIT","https://github.com/sindresorhus/merge-descriptors"
"mime-db@1.54.0","MIT","https://github.com/jshttp/mime-db"
"mime-types@3.0.2","MIT","https://github.com/jshttp/mime-types"
"minipass@7.1.3","BlueOak-1.0.0","https://github.com/isaacs/minipass"
"minizlib@3.1.0","MIT","https://github.com/isaacs/minizlib"
"ms@2.1.3","MIT","https://github.com/vercel/ms"
"negotiator@1.0.0","MIT","https://github.com/jshttp/negotiator"
"node-addon-api@8.6.0","MIT","https://github.com/nodejs/node-addon-api"
"node-domexception@1.0.0","MIT","https://github.com/jimmywarting/node-domexception"
"node-fetch@3.3.2","MIT","https://github.com/node-fetch/node-fetch"
"node-gyp-build@4.8.4","MIT","https://github.com/prebuild/node-gyp-build"
"object-inspect@1.13.4","MIT","https://github.com/inspect-js/object-inspect"
"on-finished@2.4.1","MIT","https://github.com/jshttp/on-finished"
"once@1.4.0","ISC","https://github.com/isaacs/once"
"parseurl@1.3.3","MIT","https://github.com/pillarjs/parseurl"
"path-to-regexp@8.3.0","MIT","https://github.com/pillarjs/path-to-regexp"
"prototype-app@1.0.0","UNKNOWN",""
"proxy-addr@2.0.7","MIT","https://github.com/jshttp/proxy-addr"
"qs@6.15.0","BSD-3-Clause","https://github.com/ljharb/qs"
"range-parser@1.2.1","MIT","https://github.com/jshttp/range-parser"
"raw-body@3.0.2","MIT","https://github.com/stream-utils/raw-body"
"redis-errors@1.2.0","MIT","https://github.com/NodeRedis/redis-errors"
"redis-parser@3.0.0","MIT","https://github.com/NodeRedis/node-redis-parser"
"regenerator-runtime@0.14.1","MIT","https://github.com/facebook/regenerator.git#main"
"router@2.2.0","MIT","https://github.com/pillarjs/router"
"safer-buffer@2.1.2","MIT","https://github.com/ChALkeR/safer-buffer"
"sdp-transform@3.0.0","MIT","https://github.com/clux/sdp-transform"
"semver@7.7.4","ISC","https://github.com/npm/node-semver"
"send@1.2.1","MIT","https://github.com/pillarjs/send"
"serve-static@2.2.1","MIT","https://github.com/expressjs/serve-static"
"setprototypeof@1.2.0","ISC","https://github.com/wesleytodd/setprototypeof"
"sharp@0.33.5","Apache-2.0","https://github.com/lovell/sharp"
"side-channel-list@1.0.0","MIT","https://github.com/ljharb/side-channel-list"
"side-channel-map@1.0.1","MIT","https://github.com/ljharb/side-channel-map"
"side-channel-weakmap@1.0.2","MIT","https://github.com/ljharb/side-channel-weakmap"
"side-channel@1.1.0","MIT","https://github.com/ljharb/side-channel"
"simple-swizzle@0.2.4","MIT","https://github.com/qix-/node-simple-swizzle"
"standard-as-callback@2.1.0","MIT","https://github.com/luin/asCallback"
"statuses@2.0.2","MIT","https://github.com/jshttp/statuses"
"supports-color@10.2.2","MIT","https://github.com/chalk/supports-color"
"tar@7.5.11","BlueOak-1.0.0","https://github.com/isaacs/node-tar"
"three@0.170.0","MIT","https://github.com/mrdoob/three.js"
"toidentifier@1.0.1","MIT","https://github.com/component/toidentifier"
"type-is@2.0.1","MIT","https://github.com/jshttp/type-is"
"typescript@5.9.3","Apache-2.0","https://github.com/microsoft/TypeScript"
"undici-types@7.18.2","MIT","https://github.com/nodejs/undici"
"unpipe@1.0.0","MIT","https://github.com/stream-utils/unpipe"
"vary@1.1.2","MIT","https://github.com/jshttp/vary"
"web-streams-polyfill@3.3.3","MIT","https://github.com/MattiasBuelens/web-streams-polyfill"
"wrappy@1.0.2","ISC","https://github.com/npm/wrappy"
"ws@8.19.0","MIT","https://github.com/websockets/ws"
"yallist@5.0.0","BlueOak-1.0.0","https://github.com/isaacs/yallist"